patient_visit_id,arrival_time,triage_category,doctor_consultation_time,treatment_duration_min,discharge_time
ED0001,2026-07-21 06:14,Yellow,2026-07-21 06:42,51.2,2026-07-21 07:33
ED0002,2026-03-01 11:28,Orange,2026-03-01 11:57,72.4,2026-03-01 13:10
ED0003,2026-03-25 22:44,Yellow,2026-03-25 22:51,37.8,2026-03-25 23:29
ED0004,2026-02-04 19:50,Orange,2026-02-04 20:02,58.9,2026-02-04 21:01
ED0005,2026-05-01 13:15,Orange,2026-05-01 13:22,14.8,2026-05-01 13:37
ED0006,2026-06-08 16:53,Orange,2026-06-08 17:04,39.8,2026-06-08 17:43
ED0007,2026-05-09 21:12,Green,2026-05-09 22:01,64.8,2026-05-09 23:06
ED0008,2026-06-13 07:13,Orange,2026-06-13 07:27,10,2026-06-13 07:37
ED0009,2026-07-16 16:27,Yellow,2026-07-16 16:53,47.1,2026-07-16 17:40
ED0010,2026-02-27 14:53,Red,2026-02-27 14:55,69.4,2026-02-27 16:04
ED0011,2026-03-25 22:06,Yellow,2026-03-25 22:39,61.6,2026-03-25 23:41
ED0012,2026-05-07 12:20,Green,2026-05-07 13:07,25.0,2026-05-07 13:32
ED0013,2026-05-28 04:15,Green,2026-05-28 04:53,35.4,2026-05-28 05:29
ED0014,2026-01-22 18:45,Green,2026-01-22 19:32,38.6,2026-01-22 20:10
ED0015,2026-01-06 17:44,Orange,2026-01-06 17:46,80.5,2026-01-06 19:06
ED0016,2026-06-07 22:57,Red,2026-06-07 23:01,50.5,2026-06-07 23:51
ED0017,2026-03-23 11:36,Red,2026-03-23 12:02,42.2,2026-03-23 12:45
ED0018,2026-05-20 15:38,Yellow,2026-05-20 16:09,67.3,2026-05-20 17:16
ED0019,2026-07-03 21:12,Green,2026-07-03 21:50,75.9,2026-07-03 23:06
ED0020,2026-07-01 22:07,Green,2026-07-01 23:03,59.0,2026-07-02 00:02
ED0021,2026-07-06 02:25,Yellow,2026-07-06 02:44,35.4,2026-07-06 03:19
ED0022,2026-05-29 21:00,Yellow,2026-05-29 21:26,67.4,2026-05-29 22:34
ED0023,2026-03-10 06:23,Orange,2026-03-10 06:33,34.9,2026-03-10 07:08
ED0024,2026-02-26 21:21,Orange,2026-02-26 21:37,43.4,2026-02-26 22:20
ED0025,2026-04-08 15:59,Green,2026-04-08 16:33,17.3,2026-04-08 16:51
ED0026,2026-06-05 20:30,Yellow,2026-06-05 20:54,60.4,2026-06-05 21:55
ED0027,2026-07-05 18:43,Yellow,2026-07-05 19:11,55.3,2026-07-05 20:06
ED0028,2026-01-29 18:28,Yellow,2026-01-29 18:43,61.8,2026-01-29 19:45
ED0029,2026-07-12 06:25,Yellow,2026-07-12 07:15,47.0,2026-07-12 08:02
ED0030,2026-05-06 03:25,Orange,2026-05-06 03:28,45.1,2026-05-06 04:13
ED0031,2026-03-26 17:14,Red,2026-03-26 17:16,83.1,2026-03-26 18:39
ED0032,2026-03-19 17:55,Red,2026-03-19 17:57,69.3,2026-03-19 19:06
ED0033,2026-05-06 01:06,Yellow,2026-05-06 01:40,26.5,2026-05-06 02:06
ED0034,2026-02-09 12:11,Red,2026-02-09 12:13,76.8,2026-02-09 13:29
ED0035,2026-06-10 12:36,Red,2026-06-10 12:45,57.5,2026-06-10 13:43
ED0036,2026-04-10 13:16,Green,2026-04-10 13:57,51.3,2026-04-10 14:48
ED0037,2026-04-09 09:33,Red,2026-04-09 09:35,76.8,2026-04-09 10:51
ED0038,2026-06-24 02:22,Orange,2026-06-24 02:29,58.1,2026-06-24 03:27
ED0039,2026-07-03 02:48,Yellow,2026-07-03 03:13,51.7,2026-07-03 04:05
ED0040,2026-04-12 16:35,Red,2026-04-12 16:37,28.1,2026-04-12 17:05
ED0041,2026-05-03 00:18,Red,2026-05-03 00:26,42.4,2026-05-03 01:09
ED0042,2026-06-15 07:20,Yellow,2026-06-15 07:50,74.8,2026-06-15 09:05
ED0043,2026-03-05 00:51,Yellow,2026-03-05 01:31,40.6,2026-03-05 02:12
ED0044,2026-02-01 07:36,Yellow,2026-02-01 07:48,51.4,2026-02-01 08:39
ED0045,2026-06-24 18:49,Yellow,2026-06-24 19:20,38.5,2026-06-24 19:58
ED0046,2026-05-28 14:45,Red,2026-05-28 14:47,81.2,2026-05-28 16:08
ED0047,2026-07-02 22:07,Yellow,2026-07-02 22:23,60.1,2026-07-02 23:23
ED0048,2026-04-09 11:25,Orange,2026-04-09 11:37,65.3,2026-04-09 12:43
ED0049,2026-05-04 09:58,Green,2026-05-04 10:50,77.7,2026-05-04 12:08
ED0050,2026-03-19 21:36,Orange,2026-03-19 21:59,88.2,2026-03-19 23:27
ED0051,2026-06-18 14:11,Yellow,2026-06-18 14:27,83.6,2026-06-18 15:50
ED0052,2026-06-12 13:03,Red,2026-06-12 13:24,60.0,2026-06-12 14:24
ED0053,2026-03-24 07:00,Green,2026-03-24 07:45,85.2,2026-03-24 09:10
ED0054,2026-03-11 06:01,Orange,2026-03-11 06:18,53.5,2026-03-11 07:11
ED0055,2026-07-17 00:24,Orange,2026-07-17 00:36,15.2,2026-07-17 00:51
ED0056,2026-01-30 03:36,Orange,2026-01-30 03:43,61.3,2026-01-30 04:44
ED0057,2026-03-13 18:27,Green,2026-03-13 19:18,62.2,2026-03-13 20:20
ED0058,2026-05-29 13:38,Yellow,2026-05-29 14:10,69.5,2026-05-29 15:20
ED0059,2026-07-21 21:39,Yellow,2026-07-21 22:18,63.2,2026-07-21 23:22
ED0060,2026-07-21 15:24,Yellow,2026-07-21 15:49,44.8,2026-07-21 16:33
ED0061,2026-03-11 13:53,Red,2026-03-11 13:55,45.5,2026-03-11 14:40
ED0062,2026-03-16 13:21,Yellow,2026-03-16 13:52,49.9,2026-03-16 14:42
ED0063,2026-05-22 10:27,Yellow,2026-05-22 11:12,52.2,2026-05-22 12:04
ED0064,2026-06-05 13:35,Green,2026-06-05 14:15,26.4,2026-06-05 14:41
ED0065,2026-02-03 13:34,Yellow,2026-02-03 14:04,70.0,2026-02-03 15:14
ED0066,2026-06-15 22:18,Green,2026-06-15 23:16,34.7,2026-06-15 23:51
ED0067,2026-07-18 11:07,Green,2026-07-18 12:08,43.1,2026-07-18 12:51
ED0068,2026-03-19 15:16,Orange,2026-03-19 15:18,36.9,2026-03-19 15:54
ED0069,2026-07-08 22:37,Yellow,2026-07-08 22:53,25.5,2026-07-08 23:18
ED0070,2026-07-19 14:52,Orange,2026-07-19 14:54,84.4,2026-07-19 16:18
ED0071,2026-06-09 16:00,Yellow,2026-06-09 16:32,67.4,2026-06-09 17:39
ED0072,2026-06-19 16:07,Green,2026-06-19 16:56,90.2,2026-06-19 18:26
ED0073,2026-02-15 04:20,Red,2026-02-15 04:22,42.3,2026-02-15 05:04
ED0074,2026-01-18 17:16,Green,2026-01-18 18:01,80.0,2026-01-18 19:21
ED0075,2026-05-20 08:18,,2026-05-20 08:20,76.6,2026-05-20 09:36
ED0076,2026-07-14 07:10,Green,2026-07-14 07:51,25.7,2026-07-14 08:17
ED0077,2026-04-10 19:35,Yellow,2026-04-10 19:49,43.6,2026-04-10 20:33
ED0078,2026-07-15 20:27,Orange,2026-07-15 20:42,36.9,2026-07-15 21:19
ED0079,2026-04-23 22:30,,2026-04-23 23:13,38.2,2026-04-23 23:52
ED0080,2026-02-28 19:20,Green,2026-02-28 20:01,79.0,2026-02-28 21:20
ED0081,2026-03-03 00:24,Green,2026-03-03 00:57,70.1,2026-03-03 02:07
ED0082,2026-05-01 19:55,Orange,2026-05-01 20:19,35.6,2026-05-01 20:55
ED0083,2026-05-24 01:22,Yellow,2026-05-24 01:32,20.8,2026-05-24 01:53
ED0084,2026-05-31 13:31,Green,2026-05-31 14:03,60.4,2026-05-31 15:03
ED0085,2026-05-27 05:54,Orange,2026-05-27 06:10,65.4,2026-05-27 07:15
ED0086,2026-02-04 17:08,Yellow,2026-02-04 17:52,55.7,2026-02-04 18:48
ED0087,2026-01-19 02:02,Green,2026-01-19 02:55,25.8,2026-01-19 03:20
ED0088,2026-07-03 18:09,Red,2026-07-03 18:11,56.5,2026-07-03 19:07
ED0089,2026-05-13 16:09,Orange,2026-05-13 16:16,46.4,2026-05-13 17:03
ED0090,2026-07-24 13:32,Green,2026-07-24 14:19,82.8,2026-07-24 15:42
ED0091,2026-02-02 15:37,Red,2026-02-02 15:39,71.5,2026-02-02 16:50
ED0092,2026-02-17 13:44,Green,2026-02-17 14:33,10,2026-02-17 14:43
ED0093,2026-06-30 10:33,Yellow,2026-06-30 11:01,54.1,2026-06-30 11:55
ED0094,2026-02-28 10:49,Yellow,2026-02-28 11:24,70.7,2026-02-28 12:34
ED0095,2026-01-24 13:48,Orange,2026-01-24 13:50,66.1,2026-01-24 14:56
ED0096,2026-04-27 15:43,Red,2026-04-27 15:45,34.0,2026-04-27 16:19
ED0097,2026-07-11 19:44,Orange,2026-07-11 19:46,55.1,2026-07-11 20:41
ED0098,2026-07-14 21:13,Orange,2026-07-14 21:27,65.0,2026-07-14 22:32
ED0099,2026-06-02 00:33,Green,2026-06-02 01:12,39.2,2026-06-02 01:51
ED0100,2026-07-30 07:58,Orange,2026-07-30 08:03,100.3,2026-07-30 09:43
ED0101,2026-06-26 22:25,Red,2026-06-26 22:34,55.4,2026-06-26 23:30
ED0102,2026-04-04 06:25,Orange,2026-04-04 06:56,76.0,2026-04-04 08:11
ED0103,2026-01-31 07:50,Red,2026-01-31 07:54,36.8,2026-01-31 08:31
ED0104,2026-04-12 14:39,Red,2026-04-12 14:41,39.7,2026-04-12 15:20
ED0105,2026-04-30 21:20,Yellow,2026-04-30 21:49,58.1,2026-04-30 22:48
ED0106,2026-03-12 17:24,Orange,2026-03-12 17:47,38.8,2026-03-12 18:26
ED0107,2026-03-30 06:31,Orange,2026-03-30 06:44,76.5,2026-03-30 08:00
ED0108,2026-07-21 21:12,Green,2026-07-21 21:50,72.8,2026-07-21 23:03
ED0109,2026-04-10 21:34,Green,2026-04-10 22:23,82.2,2026-04-10 23:45
ED0110,2026-06-10 23:45,Green,2026-06-11 00:30,45.2,2026-06-11 01:15
ED0111,2026-04-25 08:04,Green,2026-04-25 08:49,55.8,2026-04-25 09:44
ED0112,2026-06-17 13:25,Orange,2026-06-17 13:57,77.1,2026-06-17 15:14
ED0113,2026-07-12 03:15,Green,2026-07-12 03:48,55.9,2026-07-12 04:44
ED0114,2026-01-02 04:56,Yellow,2026-01-02 05:09,37.6,2026-01-02 05:46
ED0115,2026-03-02 21:03,Orange,2026-03-02 21:21,67.2,2026-03-02 22:28
ED0116,2026-01-21 23:02,Yellow,2026-01-21 23:31,14.9,2026-01-21 23:46
ED0117,2026-02-01 12:10,Yellow,2026-02-01 12:55,71.1,2026-02-01 14:06
ED0118,2026-03-12 10:26,Yellow,2026-03-12 10:44,,2026-03-12 11:58
ED0119,2026-01-19 07:30,Red,2026-01-19 07:32,57.9,2026-01-19 08:29
ED0120,2026-04-22 08:38,Yellow,2026-04-22 09:10,66.5,2026-04-22 10:17
ED0080,2026-02-28 19:20,Green,2026-02-28 20:01,79.0,2026-02-28 21:20
ED0006,2026-06-08 16:53,Orange,2026-06-08 17:04,39.8,2026-06-08 17:43
ED0063,2026-05-22 10:27,Yellow,2026-05-22 11:12,52.2,2026-05-22 12:04
