patient_visit_id,arrival_time,doctor_consultation_time,discharge_time,triage_category,emergency_priority,treatment_duration_min,total_hospital_time,total_waiting_time,weekday,arrival_hour,excessive_waiting,waiting_time_category
ED0001,2026-07-21 06:14:00,2026-07-21 06:42:00,2026-07-21 07:33:00,Yellow,Low,51.2,79.0,27.799999999999997,Tuesday,6,Normal,Short (0-30 min)
ED0002,2026-03-01 11:28:00,2026-03-01 11:57:00,2026-03-01 13:10:00,Orange,Medium,72.4,102.0,29.599999999999994,Sunday,11,Normal,Short (0-30 min)
ED0003,2026-03-25 22:44:00,2026-03-25 22:51:00,2026-03-25 23:29:00,Yellow,Low,37.8,45.0,7.200000000000003,Wednesday,22,Normal,Short (0-30 min)
ED0004,2026-02-04 19:50:00,2026-02-04 20:02:00,2026-02-04 21:01:00,Orange,Medium,58.9,71.0,12.100000000000001,Wednesday,19,Normal,Short (0-30 min)
ED0005,2026-05-01 13:15:00,2026-05-01 13:22:00,2026-05-01 13:37:00,Orange,Medium,14.8,22.0,7.199999999999999,Friday,13,Normal,Short (0-30 min)
ED0006,2026-06-08 16:53:00,2026-06-08 17:04:00,2026-06-08 17:43:00,Orange,Medium,39.8,50.0,10.200000000000003,Monday,16,Normal,Short (0-30 min)
ED0007,2026-05-09 21:12:00,2026-05-09 22:01:00,2026-05-09 23:06:00,Green,,64.8,114.0,49.2,Saturday,21,Normal,Moderate (31-60 min)
ED0008,2026-06-13 07:13:00,2026-06-13 07:27:00,2026-06-13 07:37:00,Orange,Medium,10.0,24.0,14.0,Saturday,7,Normal,Short (0-30 min)
ED0009,2026-07-16 16:27:00,2026-07-16 16:53:00,2026-07-16 17:40:00,Yellow,Low,47.1,73.0,25.9,Thursday,16,Normal,Short (0-30 min)
ED0010,2026-02-27 14:53:00,2026-02-27 14:55:00,2026-02-27 16:04:00,Red,High,69.4,71.0,1.5999999999999943,Friday,14,Normal,Short (0-30 min)
ED0011,2026-03-25 22:06:00,2026-03-25 22:39:00,2026-03-25 23:41:00,Yellow,Low,61.6,95.0,33.4,Wednesday,22,Normal,Moderate (31-60 min)
ED0012,2026-05-07 12:20:00,2026-05-07 13:07:00,2026-05-07 13:32:00,Green,,25.0,72.0,47.0,Thursday,12,Normal,Moderate (31-60 min)
ED0013,2026-05-28 04:15:00,2026-05-28 04:53:00,2026-05-28 05:29:00,Green,,35.4,74.0,38.6,Thursday,4,Normal,Moderate (31-60 min)
ED0014,2026-01-22 18:45:00,2026-01-22 19:32:00,2026-01-22 20:10:00,Green,,38.6,85.0,46.4,Thursday,18,Normal,Moderate (31-60 min)
ED0015,2026-01-06 17:44:00,2026-01-06 17:46:00,2026-01-06 19:06:00,Orange,Medium,80.5,82.0,1.5,Tuesday,17,Normal,Short (0-30 min)
ED0016,2026-06-07 22:57:00,2026-06-07 23:01:00,2026-06-07 23:51:00,Red,High,50.5,54.0,3.5,Sunday,22,Normal,Short (0-30 min)
ED0017,2026-03-23 11:36:00,2026-03-23 12:02:00,2026-03-23 12:45:00,Red,High,42.2,69.0,26.799999999999997,Monday,11,Normal,Short (0-30 min)
ED0018,2026-05-20 15:38:00,2026-05-20 16:09:00,2026-05-20 17:16:00,Yellow,Low,67.3,98.0,30.700000000000003,Wednesday,15,Normal,Moderate (31-60 min)
ED0019,2026-07-03 21:12:00,2026-07-03 21:50:00,2026-07-03 23:06:00,Green,,75.9,114.0,38.099999999999994,Friday,21,Normal,Moderate (31-60 min)
ED0020,2026-07-01 22:07:00,2026-07-01 23:03:00,2026-07-02 00:02:00,Green,,59.0,115.0,56.0,Wednesday,22,Normal,Moderate (31-60 min)
ED0021,2026-07-06 02:25:00,2026-07-06 02:44:00,2026-07-06 03:19:00,Yellow,Low,35.4,54.0,18.6,Monday,2,Normal,Short (0-30 min)
ED0022,2026-05-29 21:00:00,2026-05-29 21:26:00,2026-05-29 22:34:00,Yellow,Low,67.4,94.0,26.599999999999994,Friday,21,Normal,Short (0-30 min)
ED0023,2026-03-10 06:23:00,2026-03-10 06:33:00,2026-03-10 07:08:00,Orange,Medium,34.9,45.0,10.100000000000001,Tuesday,6,Normal,Short (0-30 min)
ED0024,2026-02-26 21:21:00,2026-02-26 21:37:00,2026-02-26 22:20:00,Orange,Medium,43.4,59.0,15.600000000000001,Thursday,21,Normal,Short (0-30 min)
ED0025,2026-04-08 15:59:00,2026-04-08 16:33:00,2026-04-08 16:51:00,Green,,17.3,52.0,34.7,Wednesday,15,Normal,Moderate (31-60 min)
ED0026,2026-06-05 20:30:00,2026-06-05 20:54:00,2026-06-05 21:55:00,Yellow,Low,60.4,85.0,24.6,Friday,20,Normal,Short (0-30 min)
ED0027,2026-07-05 18:43:00,2026-07-05 19:11:00,2026-07-05 20:06:00,Yellow,Low,55.3,83.0,27.700000000000003,Sunday,18,Normal,Short (0-30 min)
ED0028,2026-01-29 18:28:00,2026-01-29 18:43:00,2026-01-29 19:45:00,Yellow,Low,61.8,77.0,15.200000000000003,Thursday,18,Normal,Short (0-30 min)
ED0029,2026-07-12 06:25:00,2026-07-12 07:15:00,2026-07-12 08:02:00,Yellow,Low,47.0,97.0,50.0,Sunday,6,Normal,Moderate (31-60 min)
ED0030,2026-05-06 03:25:00,2026-05-06 03:28:00,2026-05-06 04:13:00,Orange,Medium,45.1,48.0,2.8999999999999986,Wednesday,3,Normal,Short (0-30 min)
ED0031,2026-03-26 17:14:00,2026-03-26 17:16:00,2026-03-26 18:39:00,Red,High,83.1,85.0,1.9000000000000057,Thursday,17,Normal,Short (0-30 min)
ED0032,2026-03-19 17:55:00,2026-03-19 17:57:00,2026-03-19 19:06:00,Red,High,69.3,71.0,1.7000000000000028,Thursday,17,Normal,Short (0-30 min)
ED0033,2026-05-06 01:06:00,2026-05-06 01:40:00,2026-05-06 02:06:00,Yellow,Low,26.5,60.0,33.5,Wednesday,1,Normal,Moderate (31-60 min)
ED0034,2026-02-09 12:11:00,2026-02-09 12:13:00,2026-02-09 13:29:00,Red,High,76.8,78.0,1.2000000000000028,Monday,12,Normal,Short (0-30 min)
ED0035,2026-06-10 12:36:00,2026-06-10 12:45:00,2026-06-10 13:43:00,Red,High,57.5,67.0,9.5,Wednesday,12,Normal,Short (0-30 min)
ED0036,2026-04-10 13:16:00,2026-04-10 13:57:00,2026-04-10 14:48:00,Green,,51.3,92.0,40.7,Friday,13,Normal,Moderate (31-60 min)
ED0037,2026-04-09 09:33:00,2026-04-09 09:35:00,2026-04-09 10:51:00,Red,High,76.8,78.0,1.2000000000000028,Thursday,9,Normal,Short (0-30 min)
ED0038,2026-06-24 02:22:00,2026-06-24 02:29:00,2026-06-24 03:27:00,Orange,Medium,58.1,65.0,6.899999999999999,Wednesday,2,Normal,Short (0-30 min)
ED0039,2026-07-03 02:48:00,2026-07-03 03:13:00,2026-07-03 04:05:00,Yellow,Low,51.7,77.0,25.299999999999997,Friday,2,Normal,Short (0-30 min)
ED0040,2026-04-12 16:35:00,2026-04-12 16:37:00,2026-04-12 17:05:00,Red,High,28.1,30.0,1.8999999999999986,Sunday,16,Normal,Short (0-30 min)
ED0041,2026-05-03 00:18:00,2026-05-03 00:26:00,2026-05-03 01:09:00,Red,High,42.4,51.0,8.600000000000001,Sunday,0,Normal,Short (0-30 min)
ED0042,2026-06-15 07:20:00,2026-06-15 07:50:00,2026-06-15 09:05:00,Yellow,Low,74.8,105.0,30.200000000000003,Monday,7,Normal,Moderate (31-60 min)
ED0043,2026-03-05 00:51:00,2026-03-05 01:31:00,2026-03-05 02:12:00,Yellow,Low,40.6,81.0,40.4,Thursday,0,Normal,Moderate (31-60 min)
ED0044,2026-02-01 07:36:00,2026-02-01 07:48:00,2026-02-01 08:39:00,Yellow,Low,51.4,63.0,11.600000000000001,Sunday,7,Normal,Short (0-30 min)
ED0045,2026-06-24 18:49:00,2026-06-24 19:20:00,2026-06-24 19:58:00,Yellow,Low,38.5,69.0,30.5,Wednesday,18,Normal,Moderate (31-60 min)
ED0046,2026-05-28 14:45:00,2026-05-28 14:47:00,2026-05-28 16:08:00,Red,High,81.2,83.0,1.7999999999999972,Thursday,14,Normal,Short (0-30 min)
ED0047,2026-07-02 22:07:00,2026-07-02 22:23:00,2026-07-02 23:23:00,Yellow,Low,60.1,76.0,15.899999999999999,Thursday,22,Normal,Short (0-30 min)
ED0048,2026-04-09 11:25:00,2026-04-09 11:37:00,2026-04-09 12:43:00,Orange,Medium,65.3,78.0,12.700000000000003,Thursday,11,Normal,Short (0-30 min)
ED0049,2026-05-04 09:58:00,2026-05-04 10:50:00,2026-05-04 12:08:00,Green,,77.7,130.0,52.3,Monday,9,Normal,Moderate (31-60 min)
ED0050,2026-03-19 21:36:00,2026-03-19 21:59:00,2026-03-19 23:27:00,Orange,Medium,88.2,111.0,22.799999999999997,Thursday,21,Normal,Short (0-30 min)
ED0051,2026-06-18 14:11:00,2026-06-18 14:27:00,2026-06-18 15:50:00,Yellow,Low,83.6,99.0,15.400000000000006,Thursday,14,Normal,Short (0-30 min)
ED0052,2026-06-12 13:03:00,2026-06-12 13:24:00,2026-06-12 14:24:00,Red,High,60.0,81.0,21.0,Friday,13,Normal,Short (0-30 min)
ED0053,2026-03-24 07:00:00,2026-03-24 07:45:00,2026-03-24 09:10:00,Green,,85.2,130.0,44.8,Tuesday,7,Normal,Moderate (31-60 min)
ED0054,2026-03-11 06:01:00,2026-03-11 06:18:00,2026-03-11 07:11:00,Orange,Medium,53.5,70.0,16.5,Wednesday,6,Normal,Short (0-30 min)
ED0055,2026-07-17 00:24:00,2026-07-17 00:36:00,2026-07-17 00:51:00,Orange,Medium,15.2,27.0,11.8,Friday,0,Normal,Short (0-30 min)
ED0056,2026-01-30 03:36:00,2026-01-30 03:43:00,2026-01-30 04:44:00,Orange,Medium,61.3,68.0,6.700000000000003,Friday,3,Normal,Short (0-30 min)
ED0057,2026-03-13 18:27:00,2026-03-13 19:18:00,2026-03-13 20:20:00,Green,,62.2,113.0,50.8,Friday,18,Normal,Moderate (31-60 min)
ED0058,2026-05-29 13:38:00,2026-05-29 14:10:00,2026-05-29 15:20:00,Yellow,Low,69.5,102.0,32.5,Friday,13,Normal,Moderate (31-60 min)
ED0059,2026-07-21 21:39:00,2026-07-21 22:18:00,2026-07-21 23:22:00,Yellow,Low,63.2,103.0,39.8,Tuesday,21,Normal,Moderate (31-60 min)
ED0060,2026-07-21 15:24:00,2026-07-21 15:49:00,2026-07-21 16:33:00,Yellow,Low,44.8,69.0,24.200000000000003,Tuesday,15,Normal,Short (0-30 min)
ED0061,2026-03-11 13:53:00,2026-03-11 13:55:00,2026-03-11 14:40:00,Red,High,45.5,47.0,1.5,Wednesday,13,Normal,Short (0-30 min)
ED0062,2026-03-16 13:21:00,2026-03-16 13:52:00,2026-03-16 14:42:00,Yellow,Low,49.9,81.0,31.1,Monday,13,Normal,Moderate (31-60 min)
ED0063,2026-05-22 10:27:00,2026-05-22 11:12:00,2026-05-22 12:04:00,Yellow,Low,52.2,97.0,44.8,Friday,10,Normal,Moderate (31-60 min)
ED0064,2026-06-05 13:35:00,2026-06-05 14:15:00,2026-06-05 14:41:00,Green,,26.4,66.0,39.6,Friday,13,Normal,Moderate (31-60 min)
ED0065,2026-02-03 13:34:00,2026-02-03 14:04:00,2026-02-03 15:14:00,Yellow,Low,70.0,100.0,30.0,Tuesday,13,Normal,Short (0-30 min)
ED0066,2026-06-15 22:18:00,2026-06-15 23:16:00,2026-06-15 23:51:00,Green,,34.7,93.0,58.3,Monday,22,Normal,Moderate (31-60 min)
ED0067,2026-07-18 11:07:00,2026-07-18 12:08:00,2026-07-18 12:51:00,Green,,43.1,104.0,60.9,Saturday,11,Excessive,Excessive (>60 min)
ED0068,2026-03-19 15:16:00,2026-03-19 15:18:00,2026-03-19 15:54:00,Orange,Medium,36.9,38.0,1.1000000000000014,Thursday,15,Normal,Short (0-30 min)
ED0069,2026-07-08 22:37:00,2026-07-08 22:53:00,2026-07-08 23:18:00,Yellow,Low,25.5,41.0,15.5,Wednesday,22,Normal,Short (0-30 min)
ED0070,2026-07-19 14:52:00,2026-07-19 14:54:00,2026-07-19 16:18:00,Orange,Medium,84.4,86.0,1.5999999999999943,Sunday,14,Normal,Short (0-30 min)
ED0071,2026-06-09 16:00:00,2026-06-09 16:32:00,2026-06-09 17:39:00,Yellow,Low,67.4,99.0,31.599999999999994,Tuesday,16,Normal,Moderate (31-60 min)
ED0072,2026-06-19 16:07:00,2026-06-19 16:56:00,2026-06-19 18:26:00,Green,,90.2,139.0,48.8,Friday,16,Normal,Moderate (31-60 min)
ED0073,2026-02-15 04:20:00,2026-02-15 04:22:00,2026-02-15 05:04:00,Red,High,42.3,44.0,1.7000000000000028,Sunday,4,Normal,Short (0-30 min)
ED0074,2026-01-18 17:16:00,2026-01-18 18:01:00,2026-01-18 19:21:00,Green,,80.0,125.0,45.0,Sunday,17,Normal,Moderate (31-60 min)
ED0075,2026-05-20 08:18:00,2026-05-20 08:20:00,2026-05-20 09:36:00,Nan,,76.6,78.0,1.4000000000000057,Wednesday,8,Normal,Short (0-30 min)
ED0076,2026-07-14 07:10:00,2026-07-14 07:51:00,2026-07-14 08:17:00,Green,,25.7,67.0,41.3,Tuesday,7,Normal,Moderate (31-60 min)
ED0077,2026-04-10 19:35:00,2026-04-10 19:49:00,2026-04-10 20:33:00,Yellow,Low,43.6,58.0,14.399999999999999,Friday,19,Normal,Short (0-30 min)
ED0078,2026-07-15 20:27:00,2026-07-15 20:42:00,2026-07-15 21:19:00,Orange,Medium,36.9,52.0,15.100000000000001,Wednesday,20,Normal,Short (0-30 min)
ED0079,2026-04-23 22:30:00,2026-04-23 23:13:00,2026-04-23 23:52:00,Nan,,38.2,82.0,43.8,Thursday,22,Normal,Moderate (31-60 min)
ED0080,2026-02-28 19:20:00,2026-02-28 20:01:00,2026-02-28 21:20:00,Green,,79.0,120.0,41.0,Saturday,19,Normal,Moderate (31-60 min)
ED0081,2026-03-03 00:24:00,2026-03-03 00:57:00,2026-03-03 02:07:00,Green,,70.1,103.0,32.900000000000006,Tuesday,0,Normal,Moderate (31-60 min)
ED0082,2026-05-01 19:55:00,2026-05-01 20:19:00,2026-05-01 20:55:00,Orange,Medium,35.6,60.0,24.4,Friday,19,Normal,Short (0-30 min)
ED0083,2026-05-24 01:22:00,2026-05-24 01:32:00,2026-05-24 01:53:00,Yellow,Low,20.8,31.0,10.2,Sunday,1,Normal,Short (0-30 min)
ED0084,2026-05-31 13:31:00,2026-05-31 14:03:00,2026-05-31 15:03:00,Green,,60.4,92.0,31.6,Sunday,13,Normal,Moderate (31-60 min)
ED0085,2026-05-27 05:54:00,2026-05-27 06:10:00,2026-05-27 07:15:00,Orange,Medium,65.4,81.0,15.599999999999994,Wednesday,5,Normal,Short (0-30 min)
ED0086,2026-02-04 17:08:00,2026-02-04 17:52:00,2026-02-04 18:48:00,Yellow,Low,55.7,100.0,44.3,Wednesday,17,Normal,Moderate (31-60 min)
ED0087,2026-01-19 02:02:00,2026-01-19 02:55:00,2026-01-19 03:20:00,Green,,25.8,78.0,52.2,Monday,2,Normal,Moderate (31-60 min)
ED0088,2026-07-03 18:09:00,2026-07-03 18:11:00,2026-07-03 19:07:00,Red,High,56.5,58.0,1.5,Friday,18,Normal,Short (0-30 min)
ED0089,2026-05-13 16:09:00,2026-05-13 16:16:00,2026-05-13 17:03:00,Orange,Medium,46.4,54.0,7.600000000000001,Wednesday,16,Normal,Short (0-30 min)
ED0090,2026-07-24 13:32:00,2026-07-24 14:19:00,2026-07-24 15:42:00,Green,,82.8,130.0,47.2,Friday,13,Normal,Moderate (31-60 min)
ED0091,2026-02-02 15:37:00,2026-02-02 15:39:00,2026-02-02 16:50:00,Red,High,71.5,73.0,1.5,Monday,15,Normal,Short (0-30 min)
ED0092,2026-02-17 13:44:00,2026-02-17 14:33:00,2026-02-17 14:43:00,Green,,10.0,59.0,49.0,Tuesday,13,Normal,Moderate (31-60 min)
ED0093,2026-06-30 10:33:00,2026-06-30 11:01:00,2026-06-30 11:55:00,Yellow,Low,54.1,82.0,27.9,Tuesday,10,Normal,Short (0-30 min)
ED0094,2026-02-28 10:49:00,2026-02-28 11:24:00,2026-02-28 12:34:00,Yellow,Low,70.7,105.0,34.3,Saturday,10,Normal,Moderate (31-60 min)
ED0095,2026-01-24 13:48:00,2026-01-24 13:50:00,2026-01-24 14:56:00,Orange,Medium,66.1,68.0,1.9000000000000057,Saturday,13,Normal,Short (0-30 min)
ED0096,2026-04-27 15:43:00,2026-04-27 15:45:00,2026-04-27 16:19:00,Red,High,34.0,36.0,2.0,Monday,15,Normal,Short (0-30 min)
ED0097,2026-07-11 19:44:00,2026-07-11 19:46:00,2026-07-11 20:41:00,Orange,Medium,55.1,57.0,1.8999999999999986,Saturday,19,Normal,Short (0-30 min)
ED0098,2026-07-14 21:13:00,2026-07-14 21:27:00,2026-07-14 22:32:00,Orange,Medium,65.0,79.0,14.0,Tuesday,21,Normal,Short (0-30 min)
ED0099,2026-06-02 00:33:00,2026-06-02 01:12:00,2026-06-02 01:51:00,Green,,39.2,78.0,38.8,Tuesday,0,Normal,Moderate (31-60 min)
ED0100,2026-07-30 07:58:00,2026-07-30 08:03:00,2026-07-30 09:43:00,Orange,Medium,100.3,105.0,4.700000000000003,Thursday,7,Normal,Short (0-30 min)
ED0101,2026-06-26 22:25:00,2026-06-26 22:34:00,2026-06-26 23:30:00,Red,High,55.4,65.0,9.600000000000001,Friday,22,Normal,Short (0-30 min)
ED0102,2026-04-04 06:25:00,2026-04-04 06:56:00,2026-04-04 08:11:00,Orange,Medium,76.0,106.0,30.0,Saturday,6,Normal,Short (0-30 min)
ED0103,2026-01-31 07:50:00,2026-01-31 07:54:00,2026-01-31 08:31:00,Red,High,36.8,41.0,4.200000000000003,Saturday,7,Normal,Short (0-30 min)
ED0104,2026-04-12 14:39:00,2026-04-12 14:41:00,2026-04-12 15:20:00,Red,High,39.7,41.0,1.2999999999999972,Sunday,14,Normal,Short (0-30 min)
ED0105,2026-04-30 21:20:00,2026-04-30 21:49:00,2026-04-30 22:48:00,Yellow,Low,58.1,88.0,29.9,Thursday,21,Normal,Short (0-30 min)
ED0106,2026-03-12 17:24:00,2026-03-12 17:47:00,2026-03-12 18:26:00,Orange,Medium,38.8,62.0,23.200000000000003,Thursday,17,Normal,Short (0-30 min)
ED0107,2026-03-30 06:31:00,2026-03-30 06:44:00,2026-03-30 08:00:00,Orange,Medium,76.5,89.0,12.5,Monday,6,Normal,Short (0-30 min)
ED0108,2026-07-21 21:12:00,2026-07-21 21:50:00,2026-07-21 23:03:00,Green,,72.8,111.0,38.2,Tuesday,21,Normal,Moderate (31-60 min)
ED0109,2026-04-10 21:34:00,2026-04-10 22:23:00,2026-04-10 23:45:00,Green,,82.2,131.0,48.8,Friday,21,Normal,Moderate (31-60 min)
ED0110,2026-06-10 23:45:00,2026-06-11 00:30:00,2026-06-11 01:15:00,Green,,45.2,90.0,44.8,Wednesday,23,Normal,Moderate (31-60 min)
ED0111,2026-04-25 08:04:00,2026-04-25 08:49:00,2026-04-25 09:44:00,Green,,55.8,100.0,44.2,Saturday,8,Normal,Moderate (31-60 min)
ED0112,2026-06-17 13:25:00,2026-06-17 13:57:00,2026-06-17 15:14:00,Orange,Medium,77.1,109.0,31.900000000000006,Wednesday,13,Normal,Moderate (31-60 min)
ED0113,2026-07-12 03:15:00,2026-07-12 03:48:00,2026-07-12 04:44:00,Green,,55.9,89.0,33.1,Sunday,3,Normal,Moderate (31-60 min)
ED0114,2026-01-02 04:56:00,2026-01-02 05:09:00,2026-01-02 05:46:00,Yellow,Low,37.6,50.0,12.399999999999999,Friday,4,Normal,Short (0-30 min)
ED0115,2026-03-02 21:03:00,2026-03-02 21:21:00,2026-03-02 22:28:00,Orange,Medium,67.2,85.0,17.799999999999997,Monday,21,Normal,Short (0-30 min)
ED0116,2026-01-21 23:02:00,2026-01-21 23:31:00,2026-01-21 23:46:00,Yellow,Low,14.9,44.0,29.1,Wednesday,23,Normal,Short (0-30 min)
ED0117,2026-02-01 12:10:00,2026-02-01 12:55:00,2026-02-01 14:06:00,Yellow,Low,71.1,116.0,44.900000000000006,Sunday,12,Normal,Moderate (31-60 min)
ED0119,2026-01-19 07:30:00,2026-01-19 07:32:00,2026-01-19 08:29:00,Red,High,57.9,59.0,1.1000000000000014,Monday,7,Normal,Short (0-30 min)
ED0120,2026-04-22 08:38:00,2026-04-22 09:10:00,2026-04-22 10:17:00,Yellow,Low,66.5,99.0,32.5,Wednesday,8,Normal,Moderate (31-60 min)
